,playlist_name,track_name,artist_name,album_name,popularity,release_date,duration
0,artsy fartsy,Ivory Road,King Charles,LoveBlood,32,2012-01-01,236653
1,artsy fartsy,Love Lust,King Charles,LoveBlood,36,2012-01-01,178426
2,artsy fartsy,Cannibal Queen,Miniature Tigers,Tell It To The Volcano,0,2009-12-22,164386
3,artsy fartsy,Hot Venom,Miniature Tigers,Tell It To The Volcano,0,2009-12-22,170520
4,artsy fartsy,Wooly Mammoth,Local Natives,Hummingbird,24,2013-01-29,206746
5,artsy fartsy,Sticky Thread,Local Natives,Gorilla Manor,24,2010-02-16,228813
6,artsy fartsy,Sun It Rises,Fleet Foxes,Fleet Foxes,0,2008-06-03,191493
7,artsy fartsy,Oliver James,Fleet Foxes,Fleet Foxes,0,2008-06-03,203880
8,artsy fartsy,January Hymn,The Decemberists,The King Is Dead,39,2011-01-18,192400
9,artsy fartsy,Ocean Breathes Salty,Modest Mouse,Good News For People Who Love Bad News,55,2004-04-05,224333
10,artsy fartsy,In the Aeroplane Over the Sea,Neutral Milk Hotel,In the Aeroplane Over the Sea,0,1998-02-20,202346
11,artsy fartsy,King of Carrot Flowers Pt. 1,Neutral Milk Hotel,In the Aeroplane Over the Sea,0,1998-02-20,120426
12,artsy fartsy,"Holland, 1945",Neutral Milk Hotel,In the Aeroplane Over the Sea,0,1998-02-20,192533
13,artsy fartsy,Ain't It Strange,Dr. Dog,We All Belong,0,2006,268360
14,artsy fartsy,From,Dr. Dog,Fate,0,2008-07-22,279160
15,artsy fartsy,"The Rabbit, the Bat, & the Reindeer",Dr. Dog,Fate,0,2008-07-22,209133
16,artsy fartsy,I'll Be Your Coffin,Kahoots,Fourteen Ghosts,0,2006-04-25,115120
17,artsy fartsy,Hollywood Forever Cemetery Sings,Father John Misty,Fear Fun,0,2012-05-01,190613
18,artsy fartsy,I Think U Are Great,Yellow Ostrich,The Mistress,0,2010,81375
19,artsy fartsy,WHALE,Yellow Ostrich,The Mistress,0,2010,224457
20,artsy fartsy,San Francisco,Foxygen,We Are the 21st Century Ambassadors of Peace & Magic,0,2013-01-22,227906
21,artsy fartsy,Shuggie,Foxygen,We Are the 21st Century Ambassadors of Peace & Magic,1,2013-01-22,201706
22,artsy fartsy,My Girls,Animal Collective,Merriweather Post Pavilion,0,2009-01-20,340786
23,artsy fartsy,The Breeze,Dr. Dog,Fate,0,2008-07-22,239093
24,When you need it,Here Comes the Sun,Nina Simone,Here Comes The Sun (Expanded Edition),55,1971,214093
25,When you need it,Helplessness Blues,Fleet Foxes,Helplessness Blues,0,2011-05-03,303386
26,When you need it,In the Embers,Sleeping At Last,Atlas: I,37,2014-07-08,238376
27,When you need it,It Could Be So (Bonus Track),Born Ruffians,RUFF (Deluxe Version),0,2016-04-22,129725
28,When you need it,There Is a Dark Place,Tom Rosenthal,Keep a Private Room Behind the Shop,0,2011-10-10,214000
29,When you need it,Withholding Nothing,William McDowell,Withholding Nothing,0,2013-11-05,279213
30,When you need it,To My Knees - Live,Hillsong Young & Free,Youth Revival (Live),39,2016-02-26,473293
31,don't worry about it,Prologue,Keaton Henson,Dear,22,2010,79413
32,don't worry about it,Anchor,Mindy Gledhill,Anchor,0,2010-08-04,193746
33,don't worry about it,Patient Love - Acoustic,Passenger,All the Little Lights,0,2012-06-29,199106
34,don't worry about it,Kill Monsters In The Rain,Steel Train,Trampoline,0,2007-01-01,237933
35,don't worry about it,To Take You Home,Frank Turner,Love Ire & Song,24,2009-05-18,229133
36,don't worry about it,The Freshmen,The Verve Pipe,Villains,61,1996-03-25,269466
37,don't worry about it,I Was Made For Sunny Days,The Weepies,Be My Thrill,0,2010-08-24,193506
38,don't worry about it,I Got,Young the Giant,Young The Giant,32,2011,259773
39,don't worry about it,Good As New,Vacationer,Gone,45,2012-03-20,204031
40,don't worry about it,I Need A Life,Born Ruffians,"Red, Yellow & Blue",31,2008,206626
41,i'd make u up,When The Sun Goes Down,Arctic Monkeys,"Whatever People Say I Am, That's What I'm Not",0,2006-02-21,202013
42,i'd make u up,Hummingbird,Born Ruffians,"Red, Yellow & Blue",38,2008,188013
43,i'd make u up,Cape Cod Kwassa Kwassa,Vampire Weekend,Vampire Weekend,0,2008-01-29,214706
44,i'd make u up,Nothing Ever Happened,Deerhunter,Microcastle,33,2008-10-31,350920
45,i'd make u up,Stranger,Dr. Dog,"Shame, Shame (Deluxe Edition)",34,2010-11-02,223880
46,i'd make u up,Excuses,The Morning Benders,Big Echo,0,2010,317426
47,i'd make u up,"Holland, 1945",Neutral Milk Hotel,In the Aeroplane Over the Sea,0,1998-02-20,192533
48,i'd make u up,In A Mirror,Born Ruffians,"Red, Yellow & Blue",19,2008,184440
49,i'd make u up,Where Is My Mind?,Pixies,Death To The Pixies,0,1997-10-06,231666
50,i'd make u up,Cold War,The Morning Benders,Big Echo,0,2010,104133
51,i'd make u up,Heaven,The Walkmen,Heaven,48,2012-05-29,262293
52,i'd make u up,White Sky,Vampire Weekend,Contra,0,2010-01-12,178666
53,i'd make u up,You Are A Runner And I Am My Father's Son,Wolf Parade,Apologies To The Queen Mary,0,2005-09-27,174960
54,flerw,Diddy Bop (feat. Cam O'bi & Raury),Noname,Telefone,26,2016-08-12,208000
55,flerw,Diddy Bop (feat. Cam O'bi & Raury),Cam O'bi,Telefone,26,2016-08-12,208000
56,flerw,Diddy Bop (feat. Cam O'bi & Raury),Raury,Telefone,26,2016-08-12,208000
57,flerw,4r Da Squaw,Isaiah Rashad,The Sun's Tirade,60,2016-09-02,232571
58,flerw,Detroit Madness (Instrumental),J Dilla,Rebirth Of Detroit Instrumentals,0,2014-05-06,201711
59,flerw,Sunny Duet (feat. the Mind),Noname,Telefone,18,2016-08-12,162490
60,flerw,Sunny Duet (feat. the Mind),The Mind,Telefone,18,2016-08-12,162490
61,flerw,Casket Pretty,Noname,Telefone,10,2016-08-12,110503
62,flerw,Freedom (Interlude),Noname,Telefone,10,2016-08-12,199029
63,flerw,Redbone,Childish Gambino,Redbone,0,2016-11-17,326880
64,flerw,We Ain't Them,Childish Gambino,Majestic Casual - Chapter I,0,2013-11-10,193213
65,flerw,Souvenir (feat. Hemlock Ernst),Milo,So the Flies Don't Come,0,2015-09-25,225335
66,flerw,Souvenir (feat. Hemlock Ernst),Hemlock Ernst,So the Flies Don't Come,0,2015-09-25,225335
67,flerw,Reality Check (feat. Akenya & Eryn Allen Kane),Noname,Telefone,20,2016-08-12,183135
68,flerw,Reality Check (feat. Akenya & Eryn Allen Kane),Akenya,Telefone,20,2016-08-12,183135
69,flerw,Reality Check (feat. Akenya & Eryn Allen Kane),Eryn Allen Kane,Telefone,20,2016-08-12,183135
70,flerw,Sour Mango,Gabriel Garzón-Montano,Sour Mango,0,2016-11-02,259001
71,flerw,Folk-Metaphysics,Milo,things that happen at day // things that happen at night,0,2013-04-02,281853
72,flerw,Yesterday,Noname,Telefone,17,2016-08-12,189509
73,flerw,"Shadow Man (feat. Phoelix, Smino & Saba)",Noname,Telefone,25,2016-08-12,311000
74,flerw,"Shadow Man (feat. Phoelix, Smino & Saba)",Phoelix,Telefone,25,2016-08-12,311000
75,flerw,"Shadow Man (feat. Phoelix, Smino & Saba)",Smino,Telefone,25,2016-08-12,311000
76,flerw,"Shadow Man (feat. Phoelix, Smino & Saba)",Saba,Telefone,25,2016-08-12,311000
77,flerw,Bye Bye Baby,Noname,Telefone,12,2016-08-12,169241
78,you're so stinkin' cute!!,An Encounter,The 1975,The 1975 (Deluxe Version),45,2013,74750
79,you're so stinkin' cute!!,Honey & I,HAIM,Days Are Gone,39,2013-09-30,250133
80,you're so stinkin' cute!!,Do The Trick,Dr. Dog,Be The Void (Deluxe Edition),30,2012-02-07,272413
81,you're so stinkin' cute!!,Ancient Mars,The Zolas,Ancient Mars,40,2012-10-29,222398
82,you're so stinkin' cute!!,You Always Make Me Smile,Kyle Andrews,Kangaroo,37,2010-04-01,166280
83,you're so stinkin' cute!!,I've Got This Friend,The Civil Wars,Barton Hollow,0,2011-02-01,203866
84,you're so stinkin' cute!!,I Got You,Jack Johnson,From Here To Now To You,45,2013-01-01,179346
85,you're so stinkin' cute!!,Ae Fond Kiss,Rachel Sermanni,Ae Fond Kiss,0,2013-01-25,258839
86,hang on little tomato,Young Lion,Vampire Weekend,Modern Vampires of the City,0,2013-05-27,105360
87,hang on little tomato,In the Aeroplane Over the Sea,Neutral Milk Hotel,In the Aeroplane Over the Sea,0,1998-02-20,202346
88,hang on little tomato,Needle,Born Ruffians,Birthmarks,0,2013-04-16,213870
89,hang on little tomato,Unbelievers,Vampire Weekend,Modern Vampires of the City,0,2013-05-27,202666
90,hang on little tomato,12,The 1975,The 1975 (Deluxe Version),41,2013,79577
91,hang on little tomato,Bones,Ben Howard,Every Kingdom (Deluxe Version),43,2011-01-01,345746
92,hang on little tomato,Hang on Little Tomato,Pink Martini,Hang on Little Tomato,0,2006,196893
93,hang on little tomato,What's Your Name,Seth Slay,Mélange,0,2010-09-06,273453
94,hang on little tomato,Can't Go Back Now,The Weepies,Hideaway,0,2008,137880
95,hang on little tomato,Can't Go Back Now,Deb Talan,Hideaway,0,2008,137880
96,hang on little tomato,Can't Go Back Now,Steve Tannen,Hideaway,0,2008,137880
97,songs that break my heart,First Day Of My Life,Bright Eyes,"I'm Wide Awake, It's Morning",1,2005-01-25,188800
98,songs that break my heart,Lua,Bright Eyes,"I'm Wide Awake, It's Morning",0,2005-01-25,271666
99,songs that break my heart,Land Locked Blues,Bright Eyes,"I'm Wide Awake, It's Morning",0,2005-01-25,347733
100,songs that break my heart,We Found Each Other In The Dark,City and Colour,Little Hell,0,2011-06-07,262320
101,songs that break my heart,Little Hell,City and Colour,Little Hell,0,2011-06-07,281680
102,songs that break my heart,Northern Wind,City and Colour,Little Hell,0,2011-06-07,255000
103,songs that break my heart,Sleeping Sickness,City and Colour,Sleeping Sickness,0,2007-01-01,250120
104,songs that break my heart,Gravity,John Mayer,Continuum,72,2006-09-11,245826
105,songs that break my heart,What Sarah Said,Death Cab for Cutie,Plans,44,2005-08-29,380866
106,songs that break my heart,Shadow People,Dr. Dog,Shame Shame (Deluxe Edition),0,2010-04-06,253093
107,songs that break my heart,I Will Follow You into the Dark,Death Cab for Cutie,Plans,65,2005-08-29,189186
108,songs that break my heart,Bloom - Bonus Track,The Paper Kites,Woodland - EP,5,2013-03-05,210080
109,songs that break my heart,First Defeat,Noah Gundersen,Ledges,0,2014-02-11,243773
110,songs that break my heart,No One Would Riot For Less,Bright Eyes,Cassadaga,0,2007-04-10,312440
111,songs that break my heart,I And Love And You,The Avett Brothers,I And Love And You,60,2009-01-01,300840
112,songs that break my heart,Blood Bank,Bon Iver,Blood Bank,0,2009-01-20,285160
113,songs that break my heart,Goner,Twenty One Pilots,Blurryface,61,2015-05-15,236733
114,songs that break my heart,The Judge,Twenty One Pilots,Blurryface,64,2015-05-15,297760
115,songs that break my heart,"A Car, A Torch, A Death",Twenty One Pilots,Twenty One Pilots,53,2009-12-29,273786
116,songs that break my heart,Title And Registration,Death Cab for Cutie,Transatlanticism,0,2003,219266
117,songs that break my heart,A Movie Script Ending,Death Cab for Cutie,The Photo Album,0,2001,259480
118,songs that break my heart,Blackbird - Remastered 2009,The Beatles,The Beatles (Remastered),74,1968-11-22,138386
119,songs that break my heart,Landfill,Daughter,His Young Heart EP,0,2012-01-01,263906
120,looking for a savior,Looking for a Savior (feat. Will Reagan),United Pursuit,Looking for a Savior,41,2016-08-26,398560
121,looking for a savior,Looking for a Savior (feat. Will Reagan),Will Reagan,Looking for a Savior,41,2016-08-26,398560
122,looking for a savior,Higher Love,James Vincent McMorrow,We Don't Eat EP,0,2012-02-21,214786
123,looking for a savior,Stay Alive,José González,Stay Alive (From The Secret Life Of Walter Mitty),66,2013-01-01,266906
124,looking for a savior,It Could Be So (Bonus Track),Born Ruffians,RUFF (Deluxe Version),0,2016-04-22,129725
125,looking for a savior,"Jesus, Jesus",Noah Gundersen,Saints & Liars,0,2009-10-09,222000
126,looking for a savior,Ledges,Noah Gundersen,Ledges,27,2014-02-11,258440
127,looking for a savior,Human,Jon Bellion,The Definition,47,2014-09-23,205268
128,looking for a savior,World Spins Madly On,The Weepies,Say I Am You,0,2006,165133
129,looking for a savior,World Spins Madly On,Deb Talan,Say I Am You,0,2006,165133
130,looking for a savior,World Spins Madly On,Steve Tannen,Say I Am You,0,2006,165133
131,looking for a savior,Shine,Leon Bridges,Coming Home (Deluxe),46,2015-06-23,217493
132,looking for a savior,How Great (feat. Jay Electronica & My cousin Nicole),Chance the Rapper,Coloring Book,48,2016-05-27,337423
133,looking for a savior,How Great (feat. Jay Electronica & My cousin Nicole),Jay Electronica,Coloring Book,48,2016-05-27,337423
134,looking for a savior,How Great (feat. Jay Electronica & My cousin Nicole),My cousin Nicole,Coloring Book,48,2016-05-27,337423
135,Heavy Feeling,Holocene,Bon Iver,Bon Iver,1,2011-06-21,336613
136,Heavy Feeling,Blindsided,Bon Iver,"For Emma, Forever Ago",0,2008-02-19,329266
137,Heavy Feeling,Smother,Daughter,If You Leave,0,2013-01-01,240560
138,Heavy Feeling,Stay Alive,José González,Stay Alive (From The Secret Life Of Walter Mitty),66,2013-01-01,266906
139,Heavy Feeling,We Don't Eat,James Vincent McMorrow,Early In The Morning,0,2010,293800
140,Heavy Feeling,Higher Love,James Vincent McMorrow,We Don't Eat EP,0,2012-02-21,214786
141,Heavy Feeling,Atlas Hands,Benjamin Francis Leftwich,Last Smoke Before the Snowstorm,0,2011-07-03,173080
142,Heavy Feeling,Sister Song,Perfume Genius,Put Your Back N 2 It,0,2012-02-20,146213
143,Heavy Feeling,Can't Go Back Now,The Weepies,Hideaway,0,2008,137880
144,Heavy Feeling,Can't Go Back Now,Deb Talan,Hideaway,0,2008,137880
145,Heavy Feeling,Can't Go Back Now,Steve Tannen,Hideaway,0,2008,137880
146,Heavy Feeling,"Keep It Loose, Keep It Tight",Amos Lee,Amos Lee,57,2005-01-01,188080
147,Heavy Feeling,Sleeping Sickness,City and Colour,Sleeping Sickness,0,2007-01-01,250120
148,Heavy Feeling,To Build A Home (feat. Patrick Watson),The Cinematic Orchestra,Ma Fleur,0,2007-06-05,370666
149,Heavy Feeling,Asleep - 2008 Remaster,The Smiths,The Sound of the Smiths (Deluxe; 2008 Remaster),44,2008-11-11,250280
150,Heavy Feeling,Benedictus,2CELLOS,In2ition,41,2013-01-11,400426
151,Heavy Feeling,Fuck Feelings,Born Ruffians,RUFF (Deluxe Version),0,2016-04-22,207733
152,Heavy Feeling,I Miss You,blink-182,blink-182,71,2003-01-01,227240
153,Heavy Feeling,Creep,Radiohead,Pablo Honey,2,1993-02-22,238640
154,Heavy Feeling,Hurt,Johnny Cash,American IV: The Man Comes Around,74,2002-01-01,216533
155,Re-education pt. 1,Cue 1,Madlib,The Beats (Our Vinyl Weighs a Ton Soundtrack),0,2014-09-09,73835
156,Re-education pt. 1,So Far To Go,J Dilla,The Shining,0,2012-03-12,336813
157,Re-education pt. 1,So Far To Go,Common,The Shining,0,2012-03-12,336813
158,Re-education pt. 1,So Far To Go,D'Angelo,The Shining,0,2012-03-12,336813
159,Re-education pt. 1,Fall in Love,Slum Village,Fantastic Vol. 2.10,0,2010-01-12,235200
160,Re-education pt. 1,Mathematics,Mos Def,Black On Both Sides,61,1999-10-12,246440
161,Re-education pt. 1,I Can,Nas,God's Son,58,2002-12-13,253720
162,Re-education pt. 1,The World Is Yours,Nas,Illmatic,68,1994-04-19,290573
163,Re-education pt. 1,Never Catch Me,Flying Lotus,You're Dead!,56,2014-10-06,234486
164,Re-education pt. 1,Never Catch Me,Kendrick Lamar,You're Dead!,56,2014-10-06,234486
165,Re-education pt. 1,MmmHmm,Flying Lotus,Cosmogramma,40,2010-05-03,254840
166,Re-education pt. 1,MmmHmm,Thundercat,Cosmogramma,40,2010-05-03,254840
167,Re-education pt. 1,Nothing Like This,J Dilla,Ruff Draft,0,2007-03-20,153666
168,Re-education pt. 1,You Got Me,The Roots,Things Fall Apart,65,1999-02-23,259306
169,Re-education pt. 1,You Got Me,Tariq Trotter,Things Fall Apart,65,1999-02-23,259306
170,Re-education pt. 1,You Got Me,Erykah Badu,Things Fall Apart,65,1999-02-23,259306
171,Re-education pt. 1,You Got Me,Eve,Things Fall Apart,65,1999-02-23,259306
172,Re-education pt. 1,A Long Walk,Jill Scott,"Who Is Jill Scott? - Words and Sounds, Vol. 1",56,2000-07-18,280973
173,Re-education pt. 1,Gettin' In the Way,Jill Scott,"Who Is Jill Scott? - Words and Sounds, Vol. 1",43,2000-07-18,236493
174,Re-education pt. 1,He Loves Me (Lyzel in E Flat),Jill Scott,"Who Is Jill Scott? - Words and Sounds, Vol. 1",52,2000-07-18,285746
175,Re-education pt. 1,Nothing Even Matters,Ms. Lauryn Hill,The Miseducation of Lauryn Hill,0,1998-08-25,350533
176,Re-education pt. 1,Nothing Even Matters,D'Angelo,The Miseducation of Lauryn Hill,0,1998-08-25,350533
177,Re-education pt. 1,Doo Wop (That Thing),Ms. Lauryn Hill,The Miseducation of Lauryn Hill,0,1998-08-25,320266
178,Re-education pt. 1,Baby,J Dilla,The Shining - The 10th Anniversary Collection,0,2016-08-19,208320
179,Re-education pt. 1,Baby,Madlib,The Shining - The 10th Anniversary Collection,0,2016-08-19,208320
180,Re-education pt. 1,Baby,Guilty Simpson,The Shining - The 10th Anniversary Collection,0,2016-08-19,208320
181,Re-education pt. 1,Ms. Fat Booty,Mos Def,Black On Both Sides,70,1999-10-12,223546
182,Re-education pt. 1,Only You (feat. The Notorious B.I.G. & Mase) - Bad Boy Remix,112,112,63,1996-08-27,289413
183,Re-education pt. 1,Only You (feat. The Notorious B.I.G. & Mase) - Bad Boy Remix,The Notorious B.I.G.,112,63,1996-08-27,289413
184,Re-education pt. 1,Only You (feat. The Notorious B.I.G. & Mase) - Bad Boy Remix,Mase,112,63,1996-08-27,289413
185,Re-education pt. 2,Distant Land,Madlib,Shades Of Blue: Madlib Invades Blue Note,0,2003,238506
186,Re-education pt. 2,Am I Confused?,Quasimoto,"Yessir, Whatever",0,2013-06-18,173106
187,Re-education pt. 2,Low Class Conspiracy,Quasimoto,The Unseen,0,2000-07-01,146200
188,Re-education pt. 2,We The People....,A Tribe Called Quest,We got it from Here... Thank You 4 Your service,52,2016-11-11,172013
189,Re-education pt. 2,Can I Kick It?,A Tribe Called Quest,People's Instinctive Travels and the Paths of Rhythm (25th Anniversary Edition),69,1990-04-17,251573
190,Re-education pt. 3,Born Under A Bad Sign,Albert King,King Of The Blues Guitar,0,1969-06-15,167040
191,Re-education pt. 3,"Damn Right, I've Got the Blues",Buddy Guy,Buddy's Baddest: The Best Of Buddy Guy,25,1999-06-01,271826
192,Re-education pt. 3,What Kind Of Woman Is This?,Buddy Guy,Bring 'Em In,41,2005-11-11,317320
193,Re-education pt. 3,"Sweet Little Angel - Live At The Regal Theater, Chicago, 1964",B.B. King,Live At The Regal,35,1965,249640
194,Re-education pt. 3,Lucille,B.B. King,Lucille,48,1968-01-01,616560
195,Re-education pt. 3,Going Down,Freddie King,Getting Ready... (World),61,1971,204333
196,Re-education pt. 3,Sweet Home Chicago,Freddie King,Are You Ready For Freddie?,3,2006-08-24,362266
197,Re-education pt. 3,Johnny B. Goode,Chuck Berry,Johnny B. Goode/His Complete `50s Chess Recordings,0,2007-01-01,159426
198,Re-education pt. 3,Cross Road Blues,Robert Johnson,King Of The Delta Blues Singers,51,1937,149560
199,Re-education pt. 3,"Worry, Worry",B.B. King,Live At The Regal,28,1965,383333
200,Re-education pt. 3,Call It Stormy Monday,Albert King,In Session,0,1999,540573
201,Re-education pt. 3,Call It Stormy Monday,Stevie Ray Vaughan,In Session,0,1999,540573
202,Re-education pt. 3,Laundromat Blues,Albert King,King Of The Blues Guitar,0,1969-06-15,186253
203,Re-education pt. 3,I Can't Quit You Baby,Otis Rush,An Introduction To Otis Rush,37,1956,219559
204,Re-education pt. 3,That's All I Need,Magic Sam,West Side Soul (Deluxe Edition),38,1967,198466
205,Re-education pt. 3,That's All I Need,Mighty Joe Young,West Side Soul (Deluxe Edition),38,1967,198466
206,Re-education pt. 3,That's All I Need,Stockholm Slim,West Side Soul (Deluxe Edition),38,1967,198466
207,Re-education pt. 3,That's All I Need,Mack Thompson,West Side Soul (Deluxe Edition),38,1967,198466
208,Re-education pt. 3,That's All I Need,Odie Payne III,West Side Soul (Deluxe Edition),38,1967,198466
209,Re-education pt. 3,All Your Love,Magic Sam,The Essential Magic Sam: The Cobra and Chief Recordings 1957-1961,47,2001,176186
210,Re-education pt. 3,Mannish Boy,Muddy Waters,Anthology,0,2014-11-21,178133
211,Re-education pt. 3,You Can't Lose What You Ain't Never Had,Muddy Waters,Anthology,0,2014-11-21,174866
212,Re-education pt. 3,My Babe - Single Version,Little Walter,His Best,0,1997-01-01,164373
213,Re-education pt. 3,Dead Presidents,Little Walter,The Essential Little Walter,0,1993-01-01,172973
214,Re-education pt. 3,Blue And Lonesome,Little Walter,The Essential Little Walter,0,1993-01-01,175706
215,Re-education pt. 3,Me And My Chauffeur Blues,Memphis Minnie,Memphis Minnie Vol. 5 (1940-1941),23,1991,169404
216,Re-education pt. 3,When The Levee Breaks,Memphis Minnie,The Roots of Led Zeppelin,0,2008-01-01,191425
217,Re-education pt. 3,Cigarettes and Coffee,Otis Redding,The Soul Album,60,1966-04-01,240800
218,Re-education pt. 3,"It's A Man's, Man's, Man's World",James Brown,20 All-Time Greatest Hits!,0,1991,167066
219,Re-education pt. 4,Un-Break My Heart,Toni Braxton,The Essential Toni Braxton,0,2007-02-12,270773
220,Re-education pt. 4,Love,Keyshia Cole,The Way It Is,76,2005-01-01,255333
221,Re-education pt. 4,U Got It Bad,Usher,8701,70,2001-08-07,247840
222,Re-education pt. 4,Trust,Keyshia Cole,A Different Me,50,2008-01-01,253320
223,Re-education pt. 4,Trust,Monica,A Different Me,50,2008-01-01,253320
224,Re-education pt. 4,Family Affair,Mary J. Blige,No More Drama,76,2001-01-01,265866
225,Re-education pt. 4,Sweet Lady,Tyrese,The Legacy of Rn'B Slow Jamz,22,2015-07-17,290626
226,Re-education pt. 4,Obsesion (No Es Amor) (feat. Baby Bash),Frankie J,The One,56,2003,225626
227,Re-education pt. 4,Obsesion (No Es Amor) (feat. Baby Bash),Baby Bash,The One,56,2003,225626
228,Re-education pt. 4,Let Me Blow Ya Mind,Eve,Scorpion,75,2001-01-01,230133
229,Re-education pt. 4,Let Me Blow Ya Mind,Gwen Stefani,Scorpion,75,2001-01-01,230133
230,Re-education pt. 4,Hey Ma,Cam’ron,Come Home With Me,57,2002-01-01,232533
231,Re-education pt. 4,Hey Ma,Juelz Santana,Come Home With Me,57,2002-01-01,232533
232,Re-education pt. 4,Hey Ma,Freekey Zeekey,Come Home With Me,57,2002-01-01,232533
233,Re-education pt. 4,Hey Ma,Toya,Come Home With Me,57,2002-01-01,232533
234,Re-education pt. 4,Be Without You - Kendu Mix,Mary J. Blige,Reflections - A Retrospective,0,2006-01-01,248733
235,Re-education pt. 4,Happy,Ashanti,Ashanti,62,2002-01-01,262226
236,Re-education pt. 4,21 Questions,50 Cent,Get Rich Or Die Tryin' (Explicit UK Version),0,2003-02-06,224426
237,Re-education pt. 4,21 Questions,Nate Dogg,Get Rich Or Die Tryin' (Explicit UK Version),0,2003-02-06,224426
238,Re-education pt. 4,Don't Wanna Try,Frankie J,Playlist: The Very Best Of Frankie J,30,2003,245706
239,Re-education pt. 4,Promise,Jagged Edge,J.E. Heartbreak,55,2000-01-18,246720
240,Momma,Many Rivers To Cross,UB40,Labour Of Love,47,1983-01-01,273000
241,Momma,Red Red Wine,UB40,Labour Of Love,59,1983-01-01,320933
242,Momma,Like a Prayer,Madonna,Celebration (double disc version),72,2009-09-18,342680
243,Momma,I Can See Clearly Now,Jimmy Cliff,We All Are One: The Best Of Jimmy Cliff,63,2002-06-11,196000
244,Momma,"The Harder They Come - From ""The Harder They Come"" Soundtrack",Jimmy Cliff,The Harder They Come,0,1972-01-01,219906
245,Momma,You Can Get It If You Really Want,Jimmy Cliff,The Harder They Come,0,1972-01-01,158893
246,Momma,Dancing Queen,ABBA,Arrival,1,1976,230693
247,Momma,Chiquitita,ABBA,Voulez-Vous,0,1979,327040
248,Momma,When a Man Loves a Woman,Percy Sledge,When a Man Loves a Woman,67,1966,173866
249,Momma,My Special Prayer,Percy Sledge,The Percy Sledge Way,47,1967,185493
250,Momma,Stand by Me,Otis Redding,Pain in My Heart,69,1964,172333
251,Momma,(Sittin' On) the Dock of the Bay,Otis Redding,The Dock of the Bay (Mono),77,1968,163755
252,Momma,Otra Como Tu,Eros Ramazzotti,Todo Historias,69,1993-01-01,281226
253,Momma,Cosas De La Vida,Eros Ramazzotti,Todo Historias,65,1993-01-01,288986
254,Momma,La Media Vuelta,Julio Iglesias,México & Amigos,0,2017-05-05,198320
255,Momma,La Media Vuelta,Eros Ramazzotti,México & Amigos,0,2017-05-05,198320
256,Momma,I Got You Babe,UB40,Baggariddim,65,1985-01-01,189093
257,Momma,I Got You Babe,Chrissie Hynde,Baggariddim,65,1985-01-01,189093
258,Momma,Os Brutos Também Amam - Ao Vivo,Agnaldo Timoteo,50 Anos na Estrada Asfaltada (Ao Vivo),12,2015-03-26,223066
259,Momma,Espere um Pouco... Um Pouquinho Mais,Nilton Cesar,Grandes Sucessos - Nilton Cesar,23,2000-02-25,277600
260,Momma,Adeus Solidão (Pickin' Up Pebbles),Carmen Silva,Grandes Sucessos - Carmen Silva,34,2000-02-25,205493
261,Momma,Goodbye My Love Goodbye,Demis Roussos,Demis Roussos - Greatest Hits (1971 - 1980),49,1983-01-01,237533
262,Momma,Forever And Ever,Demis Roussos,Forever And Ever,49,1973,221266
263,Momma,My Friend The Wind,Demis Roussos,Forever And Ever,35,1973,235626
264,Momma,These Arms of Mine,Otis Redding,Pain in My Heart,63,1964,154533
265,Momma,These Arms of Mine,Otis Redding,The Very Best of Otis Redding,47,1992-11-06,154293
266,Momma,Contigo Aprendí,Armando Manzanero,"Mis Canciones, Mi Voz, Mi Piano",49,1998-05-01,218560
267,Momma,Mona Lisa,Nat King Cole,Unforgettable,52,1954-01-01,194986
268,Momma,Padam padam,Édith Piaf,Eternelle,54,1987-10-31,197626
269,Momma,Unforgettable,Nat King Cole,Unforgettable,67,1954-01-01,191973
270,Momma,Fernando,ABBA,Arrival,67,1976,252960
271,Lina's Country Classics,Check Yes Or No,George Strait,Strait Out Of The Box,70,1995-09-12,200666
272,Lina's Country Classics,Troubadour,George Strait,Troubadour,66,2008-01-01,176226
273,Lina's Country Classics,Carrying Your Love With Me,George Strait,Carrying Your Love With Me,69,1997-01-01,232426
274,Lina's Country Classics,Here For A Good Time,George Strait,Here For A Good Time,64,2011-01-01,180266
275,Lina's Country Classics,Heartland - Pure Country/Soundtrack Version,George Strait,Pure Country,55,1992-01-01,138160
276,Lina's Country Classics,I Cross My Heart - Pure Country Soundtrack Version,George Strait,Pure Country,64,1992-01-01,212000
277,Lina's Country Classics,Neon Moon,Brooks & Dunn,#1s ... and then some,72,2009-09-08,263760
278,Lina's Country Classics,Don't Take The Girl,Tim McGraw,Number One Hits,46,2010-11-30,249360
279,Lina's Country Classics,People Are Crazy,Billy Currington,Best Of,46,2011-01-01,231506
280,Lina's Country Classics,There Goes My Life,Kenny Chesney,Greatest Hits II,44,2009-05-19,301053
281,Lina's Country Classics,Dirt Road Anthem,Jason Aldean,My Kinda Party,0,2010-11-02,229413
282,Lina's Country Classics,Why Don't We Just Dance,Josh Turner,Best Of,30,2011-01-01,192346
283,Lina's Country Classics,Must Be Doin' Somethin' Right,Billy Currington,Best Of,47,2011-01-01,269666
284,Lina's Country Classics,Tequila Makes Her Clothes Fall Off,Joe Nichols,Greatest Hits,50,2011,187066
285,Lina's Country Classics,Don't Blink,Kenny Chesney,Just Who I Am: Poets & Pirates,58,2007-09-11,285280
286,Lina's Country Classics,Friends in Low Places,Kings of the River,The Favorites of Garth Brooks,45,2013-11-19,229956
287,Lina's Country Classics,Live Like You Were Dying,Tim McGraw,Number One Hits,51,2010-11-30,300333
288,Lina's Country Classics,Chicken Fried,Zac Brown Band,The Foundation,1,2008-11-17,238146
289,Lina's Country Classics,Knee Deep (feat. Jimmy Buffett),Zac Brown Band,You Get What You Give (Deluxe),0,2010-09-20,203173
290,Lina's Country Classics,Knee Deep (feat. Jimmy Buffett),Jimmy Buffett,You Get What You Give (Deluxe),0,2010-09-20,203173
291,Lina's Country Classics,Toes,Zac Brown Band,The Foundation,0,2008-11-17,262773
292,Lina's Country Classics,Barefoot Blue Jean Night,Jake Owen,Barefoot Blue Jean Night,70,2011-08-26,167426
293,Lina's Country Classics,Big Green Tractor,Jason Aldean,Wide Open,0,2009,204200
294,Lina's Country Classics,Pretty Good At Drinkin' Beer,Billy Currington,Enjoy Yourself,0,2010-01-01,179906
295,Lina's Country Classics,Like My Dog,Billy Currington,Enjoy Yourself,0,2010-01-01,166560
296,Lina's Country Classics,Let Me Down Easy,Billy Currington,Enjoy Yourself,0,2010-01-01,228493
297,Lina's Country Classics,Everything,Billy Currington,Little Bit Of Everything,21,2008-01-01,260413
298,Lina's Country Classics,You,Chris Young,Neon,59,2011-07-11,164520
299,Lina's Country Classics,Who I Am With You,Chris Young,A.M.,59,2013-09-16,191573
300,Lina's Country Classics,Tomorrow,Chris Young,Neon,66,2011-07-11,220173
301,Lina's Country Classics,Honey Bee,Blake Shelton,Red River Blue (Deluxe Edition),63,2011-07-11,210720
302,Lina's Country Classics,Who Are You When I'm Not Looking,Blake Shelton,All About Tonight,51,2010-08-06,187733
303,Lina's Country Classics,You and Tequila (feat. Grace Potter),Kenny Chesney,Hemingway's Whiskey,62,2010-09-28,242840
304,Lina's Country Classics,You and Tequila (feat. Grace Potter),Grace Potter,Hemingway's Whiskey,62,2010-09-28,242840
305,Lina's Country Classics,Where The Green Grass Grows,Tim McGraw,Everywhere,64,1997-06-03,201600
306,Lina's Country Classics,It's Your Love,Tim McGraw,Everywhere,61,1997-06-03,227333
307,Lina's Country Classics,It's Your Love,Faith Hill,Everywhere,61,1997-06-03,227333
308,Lina's Country Classics,Just To See You Smile,Tim McGraw,Everywhere,65,1997-06-03,215173
309,Lina's Country Classics,Good Directions,Billy Currington,Best Of,48,2011-01-01,216133
310,Lina's Country Classics,Remember When,Alan Jackson,Playlist: The Very Best Of Alan Jackson,49,1991,270680
311,Lina's Country Classics,Chattahoochee,Alan Jackson,A Lot About Livin' (And A Little 'Bout Love),72,1992-10-09,148160
312,Lina's Country Classics,Your Man,Josh Turner,Your Man,72,2006,211893
313,Lina's Country Classics,Bless The Broken Road,Rascal Flatts,Feels Like Today,70,2004-01-01,226680
314,Lina's Country Classics,I Can Love You Like That,John Michael Montgomery,John Michael Montgomery,55,1995-03-17,235000
315,Lina's Country Classics,"I Like It, I Love It",Tim McGraw,All I Want,67,1995-08-15,205706
316,Lina's Country Classics,What Hurts The Most,Rascal Flatts,Me And My Gang,70,2006-01-01,214106
317,Lina's Country Classics,She Never Lets It Go To Her Heart,Tim McGraw,All I Want,39,1995-08-15,186266
318,Lina's Country Classics,Need You Now,Lady A,Need You Now,71,2010-01-01,277573
319,Lina's Country Classics,As She's Walking Away (feat. Alan Jackson),Zac Brown Band,You Get What You Give (Deluxe),0,2010-09-20,223826
320,Lina's Country Classics,As She's Walking Away (feat. Alan Jackson),Alan Jackson,You Get What You Give (Deluxe),0,2010-09-20,223826
321,Lina's Country Classics,The House That Built Me,Miranda Lambert,Revolution,67,2009-09-24,236626
322,Lina's Country Classics,Gimmie That Girl,Joe Nichols,Old Things New,58,2009,185453
323,Lina's Country Classics,Need You Now,Lady A,Need You Now,73,2010-01-01,236440
324,Lina's Country Classics,American Honey,Lady A,Need You Now,0,2010-01-01,224866
325,Lina's happy-ish love songs,Chasing Cars,Snow Patrol,Eyes Open,42,2006-01-01,267933
326,Lina's happy-ish love songs,Collide,Howie Day,Stop All The World Now,65,2003-10-07,249120
327,Lina's happy-ish love songs,Come On Get Higher,Matt Nathanson,Some Mad Hope,69,2007-01-01,215173
328,Lina's happy-ish love songs,I Won't Give Up,Jason Mraz,Love Is a Four Letter Word (Deluxe Edition),69,2012-04-13,240165
329,Lina's happy-ish love songs,I'm Yours,Jason Mraz,We Sing. We Dance. We Steal Things.,79,2008-05-12,242946
330,Lina's happy-ish love songs,Bubbly,Colbie Caillat,Coco,66,2007-01-01,196280
331,Lina's happy-ish love songs,Heartbreak World,Matt Nathanson,Some Mad Hope,26,2007-01-01,207746
332,Lina's happy-ish love songs,You and I,Ingrid Michaelson,Be OK,0,2008-01-01,148706
333,Lina's happy-ish love songs,You and I Both,Jason Mraz,Waiting for My Rocket to Come,55,2002-10-15,218240
334,Lina's happy-ish love songs,Rosa Dear,Ruth,Voilà,34,2014-02-22,215040
335,Lina's happy-ish love songs,The Way You Love Me,Faith Hill,Breathe,58,1999-11-09,186066
336,Lina's happy-ish love songs,This Kiss,Faith Hill,Faith,67,1998-04-10,194306
337,Lina's happy-ish love songs,Stuck Like Glue,Sugarland,The Incredible Machine,64,2010-01-01,247586
338,Lina's happy-ish love songs,She's Everything,Brad Paisley,Time Well Wasted,64,2005-08-16,266920
339,Lina's happy-ish love songs,Kiss Me,Sixpence None The Richer,6 PICKS: Essential Radio Hits EP,0,2009-02-03,205239
340,Lina's happy-ish love songs,Your Man,Josh Turner,Your Man,72,2006,211893
341,Lina's happy-ish love songs,I'll Be Your Man,James Blunt,Some Kind of Trouble,10,2010-11-08,216213
342,Lina's happy-ish love songs,More Than Words,Extreme,Extreme II - Pornograffitti,75,1990-01-01,334106
343,Lina's happy-ish love songs,The Reason,Hoobastank,The Reason,0,2003-01-01,232800
344,Lina's happy-ish love songs,Iris,The Goo Goo Dolls,Greatest Hits Volume One - The Singles,73,2007-11-06,289906
345,Lina's happy-ish love songs,There She Goes,Sixpence None The Richer,6 PICKS: Essential Radio Hits EP,0,2009-02-03,163666
346,Lina's happy-ish love songs,Yellow,Coldplay,Parachutes,89,2000-07-10,266773
347,Lina's happy-ish love songs,Open Your Eyes,Snow Patrol,Eyes Open,27,2006-01-01,341266
348,Lina's happy-ish love songs,Gimmie That Girl,Joe Nichols,Greatest Hits,40,2011,185333
349,Lina's happy-ish love songs,Why Don't We Just Dance,Josh Turner,Haywire,67,2010,192800
350,Lina's happy-ish love songs,Honey Bee,Blake Shelton,Red River Blue (Deluxe Edition),63,2011-07-11,210720
351,Lina's happy-ish love songs,When a Man Loves a Woman,Percy Sledge,When a Man Loves a Woman,67,1966,173866
352,Lina's happy-ish love songs,End Of The Road,Boyz II Men,Cooleyhighharmony (Bonus Tracks Version),71,1991-04-30,351466
353,Lina's happy-ish love songs,Back At One,Brian McKnight,Back At One,69,1999-09-21,263666
354,Lina's happy-ish love songs,You're All I Need To Get By,Marvin Gaye,You're All I Need,60,1968-01-01,173866
355,Lina's happy-ish love songs,You're All I Need To Get By,Tammi Terrell,You're All I Need,60,1968-01-01,173866
356,Lina's happy-ish love songs,Lucky,Jason Mraz,We Sing. We Dance. We Steal Things.,73,2008-05-12,189613
357,Lina's happy-ish love songs,Lucky,Colbie Caillat,We Sing. We Dance. We Steal Things.,73,2008-05-12,189613
358,Lina's happy-ish love songs,You Send Me,Sam Cooke,The Man Who Invented Soul,53,2000-09-26,162466
359,Lina's happy-ish love songs,These Arms of Mine,Otis Redding,Soul Manifesto: 1964-1970,27,2015-10-30,154293
360,Lina's happy-ish love songs,I Love You More Than Words Can Say - Mono,Otis Redding,The Dock of the Bay (Mono),33,1968,172715
361,Lina's happy-ish love songs,Mr. Pitiful,Otis Redding,Soul Manifesto: 1964-1970,20,2015-10-30,162159
362,Lina's happy-ish love songs,My Girl,Otis Redding,Soul Manifesto: 1964-1970,21,2015-10-30,175426
363,Lina's happy-ish love songs,Let's Stay Together,Al Green,Let's Stay Together,0,1972-01-31,199400
364,Lina's happy-ish love songs,I Say a Little Prayer,Aretha Franklin,Aretha Now,75,1968-06-14,216773
365,Lina's happy-ish love songs,(You Make Me Feel Like) A Natural Woman,Aretha Franklin,Lady Soul (With Bonus Selections),68,1968-01-22,165333
366,Lina's happy-ish love songs,Jealous Love,Noah Gundersen,Carry The Ghost,14,2015-08-21,206013
367,Lina's happy-ish love songs,Work Song,Hozier,Hozier,56,2014-10-07,229720
368,Lina's happy-ish love songs,She's Always a Woman,Billy Joel,The Stranger (Legacy Edition),73,1977,201373
369,Lina's happy-ish love songs,You Are The Sunshine Of My Life,Stevie Wonder,Talking Book,70,1972-10-28,178200
370,Lina's happy-ish love songs,Your Song,Elton John,Elton John,79,1970-04-10,241786
371,Lina's happy-ish love songs,Don't Go Breaking My Heart,Elton John,To Be Continued...,56,1990-11-08,271133
372,Lina's happy-ish love songs,Don't Go Breaking My Heart,Kiki Dee,To Be Continued...,56,1990-11-08,271133
373,Lina's happy-ish love songs,Have I Told You Lately - 2008 Remaster,Rod Stewart,Vagabond Heart (Expanded Edition),64,1991,241506
374,Lina's happy-ish love songs,Amor del Bueno,Reyli Barba,Reyli En La Luna,74,2004-09-14,242026
375,Lina's happy-ish love songs,Noviembre Sin Ti,Reik,Reik,58,2005-05-24,203226
376,Lina's happy-ish love songs,Todo Cambió,Camila,Todo Cambio,73,2006,193826
377,Dancing slowly in a vast room,Won't You Come Over,Devendra Banhart,Mala,41,2013-03-08,215253
378,Dancing slowly in a vast room,I Forget Where We Were,Ben Howard,I Forget Where We Were,59,2014-10-20,281213
379,Dancing slowly in a vast room,Like Real People Do,Hozier,Hozier,55,2014-10-07,198026
380,Dancing slowly in a vast room,Cavalier,James Vincent McMorrow,Post Tropical (Deluxe Edition),42,2013-01-14,283173
381,Dancing slowly in a vast room,Bloom - Bonus Track,The Paper Kites,Woodland - EP,5,2013-03-05,210080
382,Dancing slowly in a vast room,Holocene,Bon Iver,Bon Iver,1,2011-06-21,336613
383,Dancing slowly in a vast room,To Build A Home,The Cinematic Orchestra,Ma Fleur,68,2007-06-05,370666
384,Dancing slowly in a vast room,To Build A Home,Patrick Watson,Ma Fleur,68,2007-06-05,370666
385,Dancing slowly in a vast room,I Have Made Mistakes,The Oh Hellos,"Through the Deep, Dark Valley",0,2012-10-30,289500
386,Dancing slowly in a vast room,____45_____,Bon Iver,"22, A Million",3,2016-09-30,166106
387,Dancing slowly in a vast room,Weather,Novo Amor,"Woodgate, NY",0,2014-03-31,232026
388,Dancing slowly in a vast room,Unwritable Girl,Gregory Alan Isakov,Gregory Alan Isakov with the Colorado Symphony,42,2016-06-10,179133
389,Dancing slowly in a vast room,From the Ground up (Instrumental),Sleeping At Last,Many Beautiful Things (Original Motion Picture Soundtrack),41,2015-06-23,161956
390,Dancing slowly in a vast room,Land of the Living,Roo Panes,Land of the Living EP,0,2013-12-02,264986
391,Dancing slowly in a vast room,Blood Bank,Bon Iver,Blood Bank,0,2009-01-20,285160
392,Introducing:,D.R.A.M. Sings Special,Chance the Rapper,Coloring Book,45,2016-05-27,101590
393,Introducing:,I Wish I Knew How It Would Feel to Be Free,Nina Simone,The Very Best Of Nina Simone 1967-1972 - Sugar In My Bowl,44,1998-07-28,188893
394,Introducing:,Holy,Jamila Woods,HEAVN,0,2017-08-15,192400
395,Introducing:,Atlas: Six,Sleeping At Last,Atlas: Six,31,2018-08-03,252833
396,Introducing:,For Island Fires and Family,Dermot Kennedy,Dermot Kennedy,54,2019-01-04,285644
397,Introducing:,Ooh Child,MILCK,Ooh Child,29,2017-11-01,163844
398,Introducing:,Benediction,Josh Garrels,Home,40,2015-04-07,249240
399,Introducing:,"Wake up, Moving On",Kevin Penkin,Florence (Original Soundtrack),0,2018-02-14,137277
400,when you realize you’re both in love,Intro,Ariana Grande,My Everything (Deluxe),50,2014-08-25,79840
401,when you realize you’re both in love,Consider Me,Allen Stone,Building Balance,0,2019-11-08,184952
402,when you realize you’re both in love,Jore,Adekunle Gold,Jore,0,2020-01-30,176326
403,when you realize you’re both in love,Jore,Kizz Daniel,Jore,0,2020-01-30,176326
404,when you realize you’re both in love,Let's Get Married,Bleachers,Gone Now,55,2017-06-02,186053
405,when you realize you’re both in love,Everywhere - 2017 Remaster,Fleetwood Mac,Tango In the Night (Deluxe Edition),78,1987-04-13,226653
406,when you realize you’re both in love,golden thing,Cody Simpson,golden thing,57,2019-10-18,219300
407,when you realize you’re both in love,IVORY,Tobe Nwigwe,IVORY,29,2019-08-18,229471
408,when you realize you’re both in love,Find Someone Like You,Snoh Aalegra,"- Ugh, those feels again",42,2019-08-16,206465
409,when you realize you’re both in love,Are You Even Real?,James Blake,Are You Even Real?,51,2020-07-08,231807
410,to my future daughter or son,Light,Sleeping At Last,Atlas: I,59,2014-07-08,262533
411,to my future daughter or son,Life,Sleeping At Last,Atlas: II,43,2019-11-01,270321
412,to my future daughter or son,Everything Changes,Jessie Mueller,Waitress (Original Broadway Cast Recording),44,2016-06-03,182146
413,to my future daughter or son,Everything Changes,Keala Settle,Waitress (Original Broadway Cast Recording),44,2016-06-03,182146
414,to my future daughter or son,Everything Changes,Kimiko Glenn,Waitress (Original Broadway Cast Recording),44,2016-06-03,182146
415,to my future daughter or son,Everything Changes,Waitress Original Broadway Cast Ensemble,Waitress (Original Broadway Cast Recording),44,2016-06-03,182146
416,to my future daughter or son,A God Who Sees (Me & Lucy),Jason Upton,"A Table Full of Strangers, Vol. 2",40,2018-01-01,111173
417,Apt. 435,Here Comes the Sun,Nina Simone,Here Comes The Sun (Expanded Edition),55,1971,214093
418,Apt. 435,Holocene,Bon Iver,Bon Iver,1,2011-06-21,336613
419,Apt. 435,This Will Be Our Year,The Zombies,Odessey and Oracle,39,1968-04-19,127733
420,Apt. 435,Wildflowers,Tom Petty,Wildflowers,67,1994-10-21,190320
421,Apt. 435,Build It Better,Aron Wright,Build It Better,50,2015-03-19,234473
422,Apt. 435,Ooh Child,MILCK,Ooh Child,29,2017-11-01,163844
423,Apt. 435,Birds,Anna Golden,Birds,48,2020-07-10,218848
424,Apt. 435,I Shall Cross This River,The Black Atlantic,Reverence for Fallen Trees,0,2009-08-21,201040
425,Apt. 435,LET'S STAY HOME TONIGHT,NEEDTOBREATHE,H A R D L O V E,56,2016-07-15,200120
426,Apt. 435,Time,John Lucas,Promised Land,44,2015-05-28,347853
427,Apt. 435,Bridges,Johnnyswim,Moonlight,45,2019-04-19,216315
428,Apt. 435,Promises,Maverick City Music,Maverick City Vol. 3 Part 1,1,2020-04-17,646239
429,Apt. 435,Promises,Joe L Barnes,Maverick City Vol. 3 Part 1,1,2020-04-17,646239
430,Apt. 435,Promises,Naomi Raine,Maverick City Vol. 3 Part 1,1,2020-04-17,646239
431,Apt. 435,Man of Your Word,Maverick City Music,Maverick City Vol. 3 Part 1,0,2020-04-17,542193
432,Apt. 435,Man of Your Word,Chandler Moore,Maverick City Vol. 3 Part 1,0,2020-04-17,542193
433,Apt. 435,Man of Your Word,KJ Scriven,Maverick City Vol. 3 Part 1,0,2020-04-17,542193
434,our first dance,A Simple Friday Night,Jesse Daniel Smith,The World Doesn't Need Another Record,0,2016-01-22,214047
435,Re-education: Bob Dylan,Like a Rolling Stone,Bob Dylan,Highway 61 Revisited,69,1965-08-30,369600
436,Re-education: Bob Dylan,Tomorrow Is a Long Time - Witmark Demo - 1962,Bob Dylan,The Witmark Demos: 1962-1964 (The Bootleg Series Vol. 9),38,1963-01-04,224853
437,Re-education: Bob Dylan,Things Have Changed - Single Version,Bob Dylan,Side Tracks,0,2016-11-25,307800
438,Re-education: Bob Dylan,Jokerman,Bob Dylan,Infidels,48,1983-11-01,376160
439,Re-education: Bob Dylan,Knockin' On Heaven's Door,Bob Dylan,Pat Garrett & Billy The Kid (Soundtrack From The Motion Picture),73,1973-07-13,149880
440,Re-education: Bob Dylan,Talkin' New York,Bob Dylan,Bob Dylan,33,1962-03-19,197653
441,Re-education: Bob Dylan,"It Takes a Lot to Laugh, It Takes a Train to Cry",Bob Dylan,Highway 61 Revisited,41,1965-08-30,245133
442,Re-education: Bob Dylan,Queen Jane Approximately,Bob Dylan,Highway 61 Revisited,44,1965-08-30,327466
443,Re-education: Bob Dylan,Highway 61 Revisited,Bob Dylan,Highway 61 Revisited,42,1965-08-30,205826
444,Re-education: Bob Dylan,Girl from the North Country,Bob Dylan,The Freewheelin' Bob Dylan,50,1963-05-27,199573
445,Re-education: Bob Dylan,"Don't Think Twice, It's All Right",Bob Dylan,The Freewheelin' Bob Dylan,65,1963-05-27,217400
446,Re-education: Bob Dylan,Blowin' in the Wind,Bob Dylan,The Freewheelin' Bob Dylan,68,1963-05-27,165426
447,Re-education: Bob Dylan,To Be Alone with You,Bob Dylan,Nashville Skyline,46,1969-04-09,127600
448,Re-education: Bob Dylan,Tonight I'll Be Staying Here with You,Bob Dylan,Nashville Skyline,51,1969-04-09,201133
449,Re-education: Bob Dylan,The Lonesome Death of Hattie Carroll,Bob Dylan,The Times They Are A-Changin',37,1964-01-13,345133
450,Re-education: Bob Dylan,The Times They Are A-Changin',Bob Dylan,The Times They Are A-Changin',66,1964-01-13,192053
451,Re-education: Bob Dylan,Black Crow Blues,Bob Dylan,Another Side Of Bob Dylan,27,1964-08-08,194706
452,Re-education: Bob Dylan,Ballad in Plain D,Bob Dylan,Another Side Of Bob Dylan,27,1964-08-08,497160
453,Re-education: Bob Dylan,I Shall Be Free No. 10,Bob Dylan,Another Side Of Bob Dylan,26,1964-08-08,288333
454,Re-education: Bob Dylan,She Belongs to Me,Bob Dylan,Bringing It All Back Home,49,1965-03-22,166706
455,Re-education: Bob Dylan,One Too Many Mornings,Bob Dylan,The Times They Are A-Changin',42,1964-01-13,157933
456,Re-education: Bob Dylan,Only a Pawn in Their Game,Bob Dylan,The Times They Are A-Changin',35,1964-01-13,209160
457,Re-education: Bob Dylan,Restless Farewell,Bob Dylan,The Times They Are A-Changin',32,1964-01-13,332706
458,Re-education: Bob Dylan,Make You Feel My Love,Bob Dylan,Time Out Of Mind,53,1997-09-30,211000
459,sing me to sleep,Can't Go Back Now,The Weepies,Hideaway,0,2008,137880
460,sing me to sleep,Can't Go Back Now,Deb Talan,Hideaway,0,2008,137880
461,sing me to sleep,Can't Go Back Now,Steve Tannen,Hideaway,0,2008,137880
462,sing me to sleep,nothing,Lewis Watson,It's Got Four Sad Songs on It BTW,14,2012-05-25,221146
463,sing me to sleep,"Keep It Loose, Keep It Tight",Amos Lee,Amos Lee,57,2005-01-01,188080
464,sing me to sleep,Sleeping Sickness,City and Colour,Sleeping Sickness,20,2008-05-27,250000
465,sing me to sleep,What Sarah Said,Death Cab for Cutie,Plans,44,2005-08-29,380866
466,sing me to sleep,Yesterday - Remastered 2009,The Beatles,Help! (Remastered),76,1965-08-06,125666
467,sing me to sleep,You Are My Sunshine,Johnny Cash,Unearthed,56,2003-01-01,196733
468,sing me to sleep,Asleep - 2008 Remaster,The Smiths,The Sound of the Smiths (Deluxe; 2008 Remaster),44,2008-11-11,250280
469,"dont worry, you're doing just fine",Prologue,Keaton Henson,Dear,22,2010,79413
470,"dont worry, you're doing just fine",Anchor,Mindy Gledhill,Anchor,39,2010-08-10,193746
471,"dont worry, you're doing just fine",Patient Love - Acoustic,Passenger,All the Little Lights (Deluxe Version),0,2013-02-17,199106
472,"dont worry, you're doing just fine",Honey Come Home,The Head And The Heart,The Head and the Heart,0,2011-01-11,201293
473,"dont worry, you're doing just fine",Seaside,The Kooks,Inside In / Inside Out,49,2006-01-01,99226
474,"dont worry, you're doing just fine",Kill Monsters In The Rain,Steel Train,Trampoline,0,2007-01-01,237933
475,"dont worry, you're doing just fine",To Take You Home,Frank Turner,Love Ire & Song,24,2009-05-18,229133
476,"dont worry, you're doing just fine",The Freshmen,The Verve Pipe,Villains,61,1996-03-25,269466
477,"dont worry, you're doing just fine",What's Your Name,Seth Slay,Mélange,0,2020-06-26,273453
478,"dont worry, you're doing just fine",I Was Made For Sunny Days,The Weepies,Be My Thrill (Deluxe),0,2010,193506
479,"dont worry, you're doing just fine",I Was Made For Sunny Days,Deb Talan,Be My Thrill (Deluxe),0,2010,193506
480,"dont worry, you're doing just fine",I Was Made For Sunny Days,Steve Tannen,Be My Thrill (Deluxe),0,2010,193506
481,"dont worry, you're doing just fine",I Got,Young the Giant,Young The Giant (Special Edition),42,2011,259773
482,"dont worry, you're doing just fine",Good As New,Vacationer,Gone,45,2012-03-20,204031
483,"dont worry, you're doing just fine",I Need A Life,Born Ruffians,"Red, Yellow & Blue",31,2008,206626
484,a love letter to little me,"If We Were A Movie - From ""Hannah Montana""/Soundtrack Version",Hannah Montana,Hannah Montana,56,2006-01-01,183293
485,a love letter to little me,Life's What You Make It,Hannah Montana,Hannah Montana 2 (Original Soundtrack),45,2007-06-26,188466
486,a love letter to little me,One In a Million,Hannah Montana,Hannah Montana 2 (Original Soundtrack),52,2007-06-26,235400
487,a love letter to little me,He Could Be the One,Hannah Montana,Hannah Montana 3,66,2009-01-01,180800
488,a love letter to little me,Ready or Not,Bridgit Mendler,Hello My Name Is...,71,2012-01-01,200946
489,a love letter to little me,Hey There Delilah,Plain White T's,All That We Needed,79,2005-01-01,232533
490,a love letter to little me,Who Says,Selena Gomez & The Scene,When The Sun Goes Down,76,2011-01-01,195613
491,a love letter to little me,Potential Breakup Song,Aly & AJ,Insomniatic,67,2007-01-01,219773
492,a love letter to little me,So Yesterday,Hilary Duff,Metamorphosis,57,2003-01-01,215333
493,a love letter to little me,"Ultimate - From ""Freaky Friday""/Soundtrack Version",Lindsay Lohan,Freaky Friday,54,2003-01-01,186866
494,a love letter to little me,Stick to the Status Quo,High School Musical Cast,High School Musical,56,2006-01-01,268413
495,a love letter to little me,Stick to the Status Quo,Disney,High School Musical,56,2006-01-01,268413
496,a love letter to little me,Beautiful Soul,Jesse McCartney,Beautiful Soul,71,2004-01-01,214226
497,a love letter to little me,Do You Believe In Magic,Aly & AJ,Into The Rush,44,2005-01-01,134066
498,a love letter to little me,Our Song,Taylor Swift,Taylor Swift,71,2006-10-24,201106
499,a love letter to little me,"The Best of Both Worlds - From ""Hannah Montana""/Soundtrack Version",Hannah Montana,Hannah Montana,63,2006-01-01,174120
500,a love letter to little me,Walking On Sunshine,Aly & AJ,Into The Rush,49,2005-01-01,233733
501,a love letter to little me,Don't Go Breakin' My Heart - Original Version,Jesse McCartney,Ella Enchanted,42,2004-01-01,190066
502,a love letter to little me,Don't Go Breakin' My Heart - Original Version,Anne Hathaway,Ella Enchanted,42,2004-01-01,190066
503,a love letter to little me,Picture To Burn,Taylor Swift,Taylor Swift,67,2006-10-24,173066
504,a love letter to little me,Mandy,Jonas Brothers,It's About Time,28,2006-08-08,168480
505,a love letter to little me,Teardrops On My Guitar - Radio Single Remix,Taylor Swift,Taylor Swift,66,2006-10-24,203040
506,a love letter to little me,If That's Not Love,The Naked Brothers Band,The Naked Brothers Band,38,2007-10-09,134146
507,a love letter to little me,Long Distance,The Naked Brothers Band,The Naked Brothers Band,26,2007-10-09,240693
508,a love letter to little me,Thinking Of You,Katy Perry,One Of The Boys,13,2008-06-17,246410
509,a love letter to little me,Big Girls Don't Cry (Personal),Fergie,The Dutchess,8,2006-09-13,268120
510,a love letter to little me,I'm Only Me When I'm With You,Taylor Swift,Taylor Swift,57,2006-10-24,213053
511,a love letter to little me,7 Things - Single Version,Miley Cyrus,Breakout,62,2008-01-01,213453
512,a love letter to little me,If We Were A Movie,Hannah Montana,Hannah Montana 3,49,2009-01-01,184360
513,a love letter to little me,If We Were A Movie,Corbin Bleu,Hannah Montana 3,49,2009-01-01,184360
514,a love letter to little me,Burnin' Up,Jonas Brothers,A Little Bit Longer,69,2008-08-12,175093
515,a love letter to little me,Lovebug,Jonas Brothers,A Little Bit Longer,62,2008-08-12,220693
516,You are safe,Ooh Child,MILCK,Ooh Child,29,2017-11-01,163844
517,You are safe,All to Me,Shoshana Bean,Spectrum,20,2018-02-09,446240
518,You are safe,Uneven Odds,Sleeping At Last,Atlas: I,42,2014-07-08,341049
519,You are safe,Life,Sleeping At Last,Atlas: II,43,2019-11-01,270321
520,You are safe,Daughter,Sleeping At Last,Atlas: II,40,2019-11-01,244708
521,You are safe,Sight,Sleeping At Last,Atlas: II,34,2019-11-01,249555
522,You are safe,Joy,Sleeping At Last,Atlas: II,32,2019-11-01,193725
523,You are safe,Here Comes The Sun,Richie Havens,Live At The Cellar Door and at the Santa Monica Civic Auditorium,57,1972,254000
524,coming of age online,Missed the Boat,Modest Mouse,We Were Dead Before The Ship Even Sank,57,2007-03-20,264813
525,coming of age online,Every Other Freckle,alt-J,Every Other Freckle,28,2014-08-13,216004
526,coming of age online,Float On,Modest Mouse,Good News For People Who Love Bad News,73,2004-04-05,208466
527,coming of age online,Dashboard,Modest Mouse,We Were Dead Before The Ship Even Sank,62,2007-03-20,246173
528,coming of age online,In the Aeroplane Over the Sea,Neutral Milk Hotel,In the Aeroplane Over the Sea,65,1998-02-20,202346
529,coming of age online,"Holland, 1945",Neutral Milk Hotel,In the Aeroplane Over the Sea,59,1998-02-20,192533
530,coming of age online,Communist Daughter,Neutral Milk Hotel,In the Aeroplane Over the Sea,52,1998-02-20,117306
531,coming of age online,Oh Comely,Neutral Milk Hotel,In the Aeroplane Over the Sea,50,1998-02-20,498146
532,coming of age online,King of Carrot Flowers Pts. 2 & 3,Neutral Milk Hotel,In the Aeroplane Over the Sea,50,1998-02-20,186280
533,coming of age online,Two-Headed Boy,Neutral Milk Hotel,In the Aeroplane Over the Sea,53,1998-02-20,266106
534,coming of age online,"Flightless Bird, American Mouth",Iron & Wine,The Shepherd's Dog,68,2007-09-25,241917
535,coming of age online,Heart It Races - Cover Version,Dr. Dog,Heart It Races,3,2007-06-05,233128
536,coming of age online,First Day Of My Life,Bright Eyes,"I'm Wide Awake, It's Morning",1,2005-01-25,188800
537,coming of age online,Cough Syrup,Young the Giant,Young The Giant (Special Edition),70,2011,249520
538,coming of age online,White Winter Hymnal,Fleet Foxes,Fleet Foxes,61,2008-06-09,147026
539,coming of age online,Do You Realize??,The Flaming Lips,Yoshimi Battles the Pink Robots,59,2002-05-13,213173
540,coming of age online,"Yoshimi Battles the Pink Robots, Pt. 1",The Flaming Lips,Yoshimi Battles the Pink Robots,57,2002-05-13,287506
541,coming of age online,Oblivion,Grimes,Visions,68,2012-02-21,251266
542,coming of age online,Lua,Bright Eyes,"I'm Wide Awake, It's Morning",59,2005-01-25,271600
543,coming of age online,I And Love And You,The Avett Brothers,I And Love And You,60,2009-01-01,300840
544,coming of age online,Blood Bank,Bon Iver,Blood Bank,0,2009-01-20,285160
545,coming of age online,No One's Gonna Love You,Band of Horses,Cease To Begin,60,2007-10-09,217333
546,coming of age online,The Blower's Daughter,Damien Rice,O,52,2003-06-03,286653
547,coming of age online,Sleeping Ute,Grizzly Bear,Shields,39,2012-09-17,275317
548,coming of age online,There Is a Light That Never Goes Out - 2011 Remaster,The Smiths,The Queen Is Dead,79,1986-06-16,244586
549,coming of age online,Fidelity,Regina Spektor,Begin to Hope (Special Edition),50,2006-06-13,226680
550,coming of age online,Re: Stacks,Bon Iver,"For Emma, Forever Ago",0,2008-02-19,401413
551,coming of age online,Sea of Love,Cat Power,The Covers Record,62,2000-03-21,139466
552,coming of age online,The District Sleeps Alone Tonight - Remastered,The Postal Service,Give Up (Deluxe 10th Anniversary Edition),53,2003-02-19,283746
553,coming of age online,I Will Follow You into the Dark,Death Cab for Cutie,Plans,65,2005-08-29,189186
554,coming of age online,Transatlanticism,Death Cab for Cutie,Transatlanticism (10th Anniversary Edition),55,2003,475093
555,coming of age online,What Sarah Said,Death Cab for Cutie,Plans,44,2005-08-29,380866
556,coming of age online,Such Great Heights,The Postal Service,Give Up,50,2003-02-19,266346
557,coming of age online,A Movie Script Ending,Death Cab for Cutie,The Photo Album,42,2001-10-09,259480
558,coming of age online,Dear Avery,The Decemberists,The King Is Dead,30,2011-01-18,291925
559,coming of age online,You're a Wolf,Sea Wolf,Leaves in the River,52,2007-09-25,215560
560,coming of age online,Middle Distance Runner,Sea Wolf,Leaves in the River,40,2007-09-25,207666
561,coming of age online,The Garden That You Planted,Sea Wolf,Get to the River Before It Runs Too Low,32,2007-05-08,241773
562,coming of age online,Land Locked Blues,Bright Eyes,"I'm Wide Awake, It's Morning",45,2005-01-25,347933
563,coming of age online,Lisztomania,Phoenix,Wolfgang Amadeus Phoenix,46,2009-05-25,241640
564,coming of age online,40 Day Dream - 2019 - Remaster,Edward Sharpe & The Magnetic Zeros,Up From Below (10th Anniversary Edition) [2019 - Remaster],55,2009-07-07,232690
565,coming of age online,Oxford Comma,Vampire Weekend,Vampire Weekend,0,2008-01-29,195733
566,coming of age online,Cape Cod Kwassa Kwassa,Vampire Weekend,Vampire Weekend,50,2008-01-29,214706
567,coming of age online,The Kids Don't Stand a Chance,Vampire Weekend,Vampire Weekend,45,2008-01-29,243000
568,coming of age online,Diplomat's Son,Vampire Weekend,Contra,44,2010-01-12,361373
569,coming of age online,Young Lion,Vampire Weekend,Modern Vampires of the City,37,2013-05-13,105360
570,coming of age online,Hannah Hunt,Vampire Weekend,Modern Vampires of the City,53,2013-05-13,237973
571,coming of age online,Unbelievers,Vampire Weekend,Modern Vampires of the City,59,2013-05-13,202666
572,coming of age online,Mykonos,Fleet Foxes,First Collection 2006-2009,63,2018-11-09,275306
573,coming of age online,Oliver James,Fleet Foxes,Fleet Foxes,43,2008-06-03,203866
574,doin' the naughty,Do I Wanna Know?,Arctic Monkeys,AM,87,2013-09-09,272394
575,doin' the naughty,American Daydream,Electric Guest,Mondo,47,2012-01-01,168626
576,doin' the naughty,Retrograde,James Blake,Overgrown,63,2013-04-08,223600
577,doin' the naughty,Wicked Games,The Weeknd,Trilogy,74,2012-11-13,323746
578,doin' the naughty,505,Arctic Monkeys,Favourite Worst Nightmare (Standard Version),82,2007-04-24,253586
579,doin' the naughty,Sex And Candy,Marcy Playground,"Lunch, Recess & Detention",56,2012-01-01,172486
580,doin' the naughty,The Only Moment We Were Alone,Explosions In The Sky,The Earth Is Not a Cold Dead Place,0,2003-11-04,614200
581,doin' the naughty,Man,JoJo,good to know,40,2020-05-01,173760
582,doin' the naughty,Breakfast In Bed,Eric Bellinger,1-800-HIT-EAZY,38,2021-02-12,180937
583,doin' the naughty,Breakfast In Bed,Hitmaka,1-800-HIT-EAZY,38,2021-02-12,180937
584,wedding playlist 2,"Baby, I Love You",The Ronettes,Presenting the Fabulous Ronettes Featuring Veronica,44,1964-11-01,171466
585,wedding playlist 2,"Baby, I Love You",Ramones,End of the Century (Expanded 2005 Remaster),58,1980-02-04,224560
586,wedding playlist 2,I Wanna Be Your Boyfriend - 2016 Remaster,Ramones,Ramones (40th Anniversary Deluxe Edition; 2016 Remaster),48,1976-04-23,144306
587,wedding playlist 2,Be My Baby,The Ronettes,Presenting the Fabulous Ronettes Featuring Veronica,68,1964-11-01,160906
588,wedding playlist 2,Friday I'm in Love,The Cure,Wish,68,1992-04-21,214400
589,wedding playlist 2,Do You Realize??,The Flaming Lips,Yoshimi Battles the Pink Robots,59,2002-05-13,213173
590,wedding playlist 2,I Melt with You,Modern English,After the Snow,61,1982-01-25,251573
591,wedding playlist 2,Just like Heaven,The Cure,"Kiss Me, Kiss Me, Kiss Me",68,1987-05-25,212000
592,wedding playlist 2,Here Comes Your Man,Pixies,Doolittle,69,1989-04-17,201186
593,wedding playlist 2,God Only Knows - Mono / 1997 Remastered,The Beach Boys,Pet Sounds (Original Mono & Stereo Mix Versions),67,1966-06-16,173040
594,current nov22,26,Carol Ades,26,29,2022-06-01,188376
595,current nov22,For You,Laura Marling,Song For Our Daughter,51,2020-04-10,237228
596,current nov22,Erotic,Olivia Barton,Antisocial,3,2022-06-21,337914
597,current nov22,Unlearn Me,Carol Ades,Unlearn Me,22,2021-09-10,192540
598,current nov22,You Look So Good In Love,George Strait,Right Or Wrong,54,1983-01-01,193560
599,current nov22,Jealous of Paris,Haley Joelle,Jealous of Paris,56,2022-04-28,141639
600,current nov22,Lover Boy,Sophie May,You Do Not Have To Be Good,55,2022-08-05,119645
601,current nov22,Give Me A Minute,Lizzy McAlpine,Give Me A Minute,60,2020-08-13,157493
602,current nov22,The Walls Are Way Too Thin,Holly Humberstone,The Walls Are Way Too Thin,55,2021-11-12,221933
603,current nov22,Es Demasiado Tarde - Remasterizado,Ana Gabriel,La Reina Canta A Mexico,50,2006-10-31,251666
604,current nov22,The Giver,Sarah Kinsley,The Giver,58,2022-10-21,227209
605,current nov22,Before the World Was Big,Girlpool,Before The World Was Big,47,2015-06-02,141190
606,current nov22,Can I Call You Rose?,Thee Sacred Souls,Can I Call You Rose?,56,2020-03-03,188512
607,current nov22,Touch Me,DivineDevine,Riot Of The Kelly Green Love,31,2021-10-27,160601
608,current nov22,Touch Me,Shai Nowell,Riot Of The Kelly Green Love,31,2021-10-27,160601
609,current nov22,Touch Me,2oo7,Riot Of The Kelly Green Love,31,2021-10-27,160601
610,current nov22,Shark Smile - Edit,Big Thief,Shark Smile (Edit),62,2017-05-08,194760
611,current nov22,Umacashelana,The Joy,Umacashelana,25,2021-08-31,125573
612,current nov22,Nonsense,Sabrina Carpenter,emails i can't send,80,2022-07-15,163648
613,current nov22,Build a Bitch,Bella Poarch,Build a Bitch,75,2021-05-14,122772
614,current nov22,Kisua Ki Ngui Fuá,Artur Nunes,Soul of Angola: Anthologie De La Musique Angolaise 1965 - 1975,19,2001,204720
615,current nov22,Very Few Friends,Saint Levant,Very Few Friends,77,2022-11-07,132500
616,current nov22,La loi de Murphy,Angèle,Brol,50,2018-10-05,195173
617,current nov22,Means Something,Lizzy McAlpine,Give Me A Minute,46,2020-08-13,144631
618,current nov22,Big Boss (Interlude),Victoria Monét,JAGUAR,60,2020-08-07,91249
619,current nov22,Air So Sweet,dodie,Build A Problem,58,2021-05-07,65300
